{
  "roc_auc": 0.6603555420207653,
  "pr_auc": 0.7476797321649572,
  "brier": 0.223425194305956
}